utt,speaker,text,human_total,human_accuracy,human_fluency,human_prosodic,score,acoustic_distance,phoneme_error_rate,word_error_rate,n_words,n_flagged,n_human_bad,n_hits,word_recall,word_precision,wall_time
000030054,0003,TWO FIVE NINE NINE,8,8,9,9,82.64,7.659,0.0909,0.25,4,0,0,0,,,21.19
000030059,0003,TOMATO SPRING PHOTO,8,8,9,8,59.29,8.687,0.2667,0.6667,3,0,0,0,,,2.86
000030067,0003,LAYLA IS GOOD AT SWIMMING,8,8,9,8,13.22,12.802,0.8235,1.0,5,5,0,0,,0.0,3.15
000030079,0003,LAYLA WANTS HAVE SOME SALAD,8,8,9,8,69.34,9.329,0.2,0.4,5,1,0,0,,0.0,3.35
000030101,0003,LOOK AT BOB'S T SHIRT,9,9,10,9,59.05,7.547,0.3571,0.6,5,2,0,0,,0.0,2.66
000030154,0003,MY MAP WILL SHOW US,8,9,9,7,78.28,8.692,0.1667,0.2,5,1,0,0,,0.0,2.68
000240320,0024,SHE LOOKED ANXIOUSLY AT THE HOUSE AND STARTED,9,9,9,9,94.64,5.953,0.069,0.0,8,0,0,0,,,3.05
000240329,0024,MY PEOPLE WILL BRING YOU TO THE SHIP,8,9,9,9,62.3,10.268,0.3182,0.375,8,3,0,0,,0.0,2.65
000240350,0024,IT WAS A PROOF OF HIS FRIENDSHIP,8,9,9,8,48.25,5.876,22.0,0.0,7,0,1,0,0.0,,2.84
000440021,0044,MANDY LOVES LIVES IN AUSTRALIAN,7,7,8,8,13.74,13.566,0.7826,1.4,5,4,0,0,,0.0,3.4
000440049,0044,SEVEN THREE FOUR NINE,8,8,8,7,38.05,13.284,0.3077,1.0,4,2,0,0,,0.0,3.89
000440082,0044,LILLY LIKES BISCUIT,5,6,7,7,25.18,14.908,0.5,2.0,3,2,0,0,,0.0,4.19
000490002,0049,MADE LIKES WHITE,8,9,8,7,55.0,9.997,0.3,0.6667,3,1,0,0,,0.0,3.82
000490087,0049,LET'S DRAW TOM'S HOW,7,8,8,7,49.4,9.337,0.5385,0.5,4,3,0,0,,0.0,3.01
000490164,0049,I LOVE OUR CAR,8,9,8,8,77.75,9.251,0.125,0.25,4,1,0,0,,0.0,4.1
000920040,0092,FIVE SEVEN ONE THREE,8,9,9,8,37.92,12.288,0.5,0.75,4,2,0,0,,0.0,2.59
000920074,0092,SANDY LIKES RUNNING,8,9,9,8,31.55,11.726,0.5,1.0,3,1,0,0,,0.0,2.35
000920094,0092,JACK LIKES THE OLD SWEATER,7,8,8,7,33.13,14.615,0.3529,1.2,5,2,0,0,,0.0,2.82
000920104,0092,MARK GOT THE T SHIRT,7,8,8,7,35.04,12.017,0.5385,0.8,5,3,0,0,,0.0,3.52
000920122,0092,SO JOHN WENT ON FOOT,8,9,8,7,63.07,12.105,0.2143,0.4,5,1,0,0,,0.0,3.12
000920126,0092,MARY THIS IS GARDEN BEACH,8,8,9,8,49.5,12.367,0.2353,0.8,5,2,1,1,1.0,0.5,4.08
000920136,0092,SHE WANTS TO BE A DOCTOR,8,8,9,8,43.27,8.363,17.0,0.0,6,0,0,0,,,3.59
000920173,0092,A GOOD MANY,7,7,8,8,32.96,12.895,0.625,0.6667,3,2,0,0,,0.0,2.06
000930018,0093,JOHN IS GO KING TO SEE CAT,7,7,8,7,51.3,12.752,0.2353,0.7143,7,2,1,0,0.0,0.0,4.45
000930040,0093,FOUR ONE FIVE TWO,8,8,8,8,82.01,8.995,0.2,0.0,4,1,0,0,,0.0,2.54
000930050,0093,SIX NINE TWO SIX,8,9,9,9,72.54,9.31,0.0769,0.5,4,0,0,0,,,2.49
000930056,0093,TABLE BLACKS WORK,8,8,9,8,66.34,11.829,0.0,0.6667,3,0,0,0,,,2.94
000930099,0093,JACKIE HAS A BEAUTIFUL GLOVES,8,8,8,8,73.0,10.5,0.2,0.2,5,1,0,0,,0.0,2.9
000940015,0094,ANDY IS GOING TO SEE BIRD,9,9,9,9,91.9,6.109,0.1176,0.0,6,0,0,0,,,5.23
000940032,0094,EIGHT TWO ONE,9,9,10,9,85.27,8.794,0.1429,0.0,3,0,0,0,,,2.46
000940150,0094,WHAT KING,9,9,10,10,58.51,9.91,0.3333,0.5,2,1,0,0,,0.0,1.76
000940173,0094,IS IT THE TIGER THEN,9,9,9,9,62.08,13.039,0.0769,0.6,5,0,0,0,,,2.51
000960019,0096,TOM CAN DRAW THE TIGER,7,7,8,7,45.17,13.415,0.4,0.6,5,2,0,0,,0.0,2.94
000960052,0096,TWO FIVE FOUR THE,7,7,7,7,28.67,11.776,0.5556,1.0,4,3,0,0,,0.0,2.78
000960090,0096,BY TOM'S EAR,6,7,8,7,48.31,10.127,0.4286,0.6667,3,2,0,0,,0.0,2.11
001110009,0111,IT'S ANN'S PLUM,7,8,7,7,53.55,10.726,0.3,0.6667,3,1,0,0,,0.0,2.64
001110023,0111,ANN IS FROM GERMANY,8,9,8,8,43.08,13.283,0.3571,0.75,4,2,0,0,,0.0,2.94
001110040,0111,ONE SEVEN,9,10,10,9,16.57,12.964,0.75,2.0,2,1,0,0,,0.0,2.3
001110056,0111,DRESSES JIM SCIENTIST,6,6,8,8,65.92,10.792,0.25,0.3333,3,1,0,0,,0.0,2.61
001120031,0112,SEVEN NINE FOUR SIX,8,9,9,8,62.03,11.129,0.2143,0.5,4,2,0,0,,0.0,2.26
001120105,0112,LISA LIKES YOUR BLUE CLOTH,5,6,7,7,18.87,14.449,0.7647,0.8,5,4,0,0,,0.0,3.25
001120130,0112,ANDY LOVES PEA,7,7,8,7,27.81,13.595,0.5,1.0,3,1,0,0,,0.0,2.16
001120156,0112,THE DUCKS WANT SOME BREAD,7,7,8,8,23.59,14.97,0.5294,1.0,5,4,0,0,,0.0,2.54
001130002,0113,BOB LIKES BLUE,7,8,7,7,75.07,9.967,0.1,0.3333,3,0,0,0,,,2.55
001130082,0113,KATE LIKES FISH,8,8,7,8,68.49,10.756,0.2,0.3333,3,1,0,0,,0.0,3.49
001130118,0113,TINA CAN SEE THE CAFE,7,8,8,8,31.0,12.502,0.6,0.8,5,4,0,0,,0.0,3.25
001130138,0113,MARY IS NOT A DRIVER,8,9,8,7,13.85,14.075,14.0,0.6,5,0,0,0,,,3.12
001130168,0113,AND THE BUS TO DRIVE,8,9,8,7,37.19,14.334,0.6429,0.4,5,4,0,0,,0.0,3.24
001140099,0114,SANDY HAS A BEAUTIFUL CLOTH,7,8,8,8,57.49,12.253,0.2,0.6,5,1,0,0,,0.0,2.66
001140108,0114,LOOK AT THIS BIG JEEP,7,8,8,7,63.49,11.328,0.3571,0.2,5,2,1,1,1.0,0.5,3.18
001200016,0120,HE'S HAD A TRAFFIC HIGH SCHOOL CAREER,7,8,8,8,40.25,7.731,24.0,0.1429,7,0,0,0,,,3.73
001200050,0120,I WILL PUT PRESSURE ON HIM AND MAKE HIM MISS,8,9,9,8,82.63,9.6,0.1034,0.1,10,0,0,0,,,2.99
001200081,0120,I THINK IT'S A WONDERFUL CONCEPT,9,9,9,9,84.64,6.917,0.1304,0.1667,6,1,0,0,,0.0,3.11
001200103,0120,AT MY AGE YOU HAVE TO BE MORE CAREFUL,9,9,10,9,47.23,6.387,21.0,0.0,9,0,0,0,,,3.08
001200121,0120,YOU AND I WILL BE THERE,9,9,10,9,85.66,8.323,0.1538,0.0,6,1,0,0,,0.0,3.33
001200209,0120,YOU CAN COME AND TALK TO PEOPLE YOURSELF,9,9,10,9,88.26,9.907,0.0385,0.0,8,0,0,0,,,3.07
001200338,0120,BUT THE SILENCE WAS DIFFICULT,8,9,10,9,96.73,6.634,0.0,0.0,5,0,0,0,,,2.9
001220015,0122,TIM IS GOING TO SEE DEER,7,7,9,8,19.08,13.794,0.8667,0.6667,6,6,1,1,1.0,0.1667,3.7
001220031,0122,SIX NINE FIVE SIX,7,8,8,8,66.55,12.439,0.0714,0.5,4,0,0,0,,,2.81
001220038,0122,SEVEN FOUR FOUR ONE,8,8,8,8,17.76,14.455,0.6667,1.25,4,4,0,0,,0.0,3.15
001220068,0122,SANDY LIKES SKIN,7,8,8,7,37.8,11.486,0.3846,1.0,3,1,0,0,,0.0,2.3
001220101,0122,LOOK AT LISA SCARF,7,7,8,7,26.61,11.308,0.6154,1.0,4,3,0,0,,0.0,2.49
001220137,0122,MARY WANTS TO BE A STUDENT,7,7,8,7,5.0,15.222,17.0,0.8333,6,0,0,0,,,4.26
001220138,0122,MARK IS NOT A FARMER,6,7,7,8,8.45,13.773,14.0,0.8,5,0,0,0,,,3.0
001330075,0133,PETER LIKES YOUR RED CLOUD,7,7,8,7,44.4,10.503,0.4118,0.8,5,3,1,1,1.0,0.3333,3.88
001330143,0133,I WILL HAVE MY REVENGE,6,6,7,7,44.38,13.478,0.5333,0.4,5,2,2,2,1.0,1.0,4.21
001490032,0149,FOUR TWO SIX SIX,9,9,9,9,89.91,5.877,0.1667,0.0,4,1,0,0,,0.0,2.86
001490039,0149,SEVEN THREE NINE NINE,8,8,10,9,54.03,11.377,0.2143,0.75,4,0,0,0,,,2.87
001490056,0149,LILLY LATE A LITTLE RICE,8,8,9,8,48.16,13.919,0.2,0.8,5,1,0,0,,0.0,2.83
001490101,0149,WHEN ANDY WALKED TO LIBRARY,8,8,7,6,42.4,13.049,0.35,0.8,5,2,0,0,,0.0,3.88
001490127,0149,HENNY LIVES IN SYDNEY NOW,7,8,7,8,25.45,12.572,0.5882,1.2,5,3,0,0,,0.0,3.58
001490131,0149,I ASKED MY MOON,7,8,8,7,92.6,8.701,0.0,0.0,4,0,0,0,,,2.41
001570034,0157,HE WAS MORE THAN DUE TO BREAK OUT,9,9,10,9,92.96,6.019,0.1,0.0,8,1,0,0,,0.0,2.7
001570100,0157,YOU HAVE TO BE VERY LOOSE,9,9,10,9,50.0,4.857,16.0,0.0,6,0,0,0,,,3.0
001570165,0157,WANTED TO TAKE MY SON,9,9,10,10,96.32,5.278,0.0625,0.0,5,0,0,0,,,2.24
001570185,0157,WELL YOU HAVE A GREAT NIGHT,9,9,10,9,93.49,5.754,0.0,0.1667,6,0,0,0,,,2.55
001570212,0157,I WANT TO BUY A NEW COMPUTER,9,10,10,9,95.0,4.996,0.1,0.0,7,1,0,0,,0.0,3.44
003060028,0306,PEOPLE MAKE THINGS A LOT MORE DIFFICULT THAN THEY ARE,6,6,6,6,32.34,15.562,0.5333,0.7,10,7,0,0,,0.0,3.85
003060064,0306,IF YOU KEEP IT IN YOU HAD BETTER BE RIGHT,6,7,7,7,3.0,15.839,1.08,0.9,10,10,0,0,,0.0,4.15
003060285,0306,THIS IS ANOTHER WAY TO GO ABOUT IT,5,6,6,5,32.43,14.296,0.4545,0.875,8,5,0,0,,0.0,3.71
003060291,0306,I THINK IT'S STILL A MATTER OF TASTE THROUGH,6,7,7,5,9.1,16.867,0.8846,0.8889,9,9,0,0,,0.0,4.05
003060306,0306,IT WAS NOT MY HEART THAT HE WAS AFTER,5,5,6,6,51.4,13.964,0.28,0.5556,9,2,2,1,0.5,0.5,3.79
004570137,0457,MAKES ME FEEL BETTER ABOUT LIFE,6,7,7,6,42.5,16.651,0.35,0.6667,6,3,0,0,,0.0,3.17
004570146,0457,CREATE TO BE HAPPY AND GOOD,6,6,6,6,26.5,11.751,18.0,0.3333,6,0,1,0,0.0,,3.54
004570304,0457,GET OUT OF MY BED,7,8,8,6,32.44,10.782,10.0,0.2,5,0,0,0,,,2.53
004610037,0461,BUT THAT'S ANOTHER STORY ALTOGETHER,6,7,7,6,42.25,13.876,0.44,0.6,5,2,1,1,1.0,0.5,4.03
004610054,0461,IT WAS VERY VERY STRANGE,7,7,7,6,72.52,10.477,0.2105,0.2,5,1,0,0,,0.0,3.34
004610230,0461,LOVING LIFE AND ALL THE PEOPLE IN MINE,7,8,7,7,41.87,14.065,0.5,0.5,8,5,0,0,,0.0,3.95
004610246,0461,WANT TO GO FOR A WALK,7,8,7,7,20.97,14.515,12.0,0.3333,6,0,0,0,,,2.29
004610362,0461,IT'S BEING USED TO MAKE MORE MONEY,7,8,7,7,59.58,12.968,0.3182,0.2857,7,2,0,0,,0.0,3.21
004610373,0461,IT WAS DIFFICULT TO GET THERE,5,6,6,5,34.72,14.611,0.4211,0.8333,6,2,1,1,1.0,0.5,2.73
005630017,0563,HE WAS THOUGHT OF THAT HIGHLY,7,7,7,7,43.4,13.002,0.4118,0.6667,6,2,0,0,,0.0,2.94
005630315,0563,EVERYBODY NOWADAYS MUST SUFFER BECAUSE THEY DO NOT KNOW THEMSELVES,6,7,7,7,5.88,13.558,49.0,0.9,10,0,0,0,,,5.35
005670043,0567,WHO KNOWS WHAT TO EXPECT,6,7,7,6,63.37,8.611,0.5882,0.0,5,4,0,0,,0.0,3.43
005670125,0567,UNLUCKY LOOKS LIKE WE WERE THE BETTER TEAM,5,6,6,5,20.1,13.603,0.6538,1.0,8,7,1,1,1.0,0.1429,3.8
005670282,0567,THIS WILL BE A WILD RIDE TO THE FINISH,6,6,7,6,42.94,14.528,0.36,0.6667,9,4,1,1,1.0,0.25,3.13
005670289,0567,HE'S REASON FOR THE SEASON,7,7,7,7,5.87,12.067,18.0,1.0,5,0,0,0,,,2.67
005670303,0567,THIS LIFE IS THE BEST LIFE,5,4,7,6,76.24,8.943,0.1176,0.3333,6,0,2,0,0.0,,2.98
007360212,0736,BUT THEY IT'S THE SING PRINCIPLE,6,6,6,6,21.19,12.739,0.6667,1.0,6,6,0,0,,0.0,3.48
007360247,0736,I NEED TO GO TO THE BAN,5,6,7,6,16.97,14.133,0.8667,0.7143,7,6,1,0,0.0,0.0,2.52
007360305,0736,NOW THERE'S A SPECIAL MAGICAL,4,4,6,5,15.35,11.737,0.8235,1.6,5,5,0,0,,0.0,4.14
007650036,0765,HOWEVER MARKET CONDITIONS HAVE LEFT US WITH NO OTHER CHOICE,6,7,6,6,59.64,13.85,0.3333,0.2,10,4,0,0,,0.0,5.25
007650352,0765,I PUT THE GUN DOWN,7,7,7,7,49.18,9.576,0.8333,0.0,5,4,0,0,,0.0,2.23
007650369,0765,I SHALL BE AT HAND FOR THE TRIAL,6,6,7,7,31.21,12.522,20.0,0.125,8,0,0,0,,,2.93
008110113,0811,THAT'S THE WAY I WANT TO BE,9,9,10,10,76.61,7.874,0.3529,0.0,7,3,0,0,,0.0,3.35
008110159,0811,LET US KNOW IF YOU HAVE ANY OTHER QUESTIONS,9,9,10,10,95.74,7.131,0.0,0.0,9,0,0,0,,,3.73
008110204,0811,SO BEAUTIFUL I WANT TO SEE INSIDE,9,10,10,10,79.59,7.658,0.1304,0.2857,7,1,0,0,,0.0,4.72
008110247,0811,EVEN THEN HE WANT TO WIN,8,8,10,9,82.25,7.206,0.1667,0.1667,6,1,0,0,,0.0,2.41
008110287,0811,SORRY NOT A FAN OF THAT DECISION,8,8,10,9,21.92,12.61,20.0,0.4286,7,0,0,0,,,3.27
008110371,0811,YOU HAVE ONLY TO GO ON,9,9,10,10,96.87,6.563,0.0,0.0,6,0,0,0,,,2.65
009810029,0981,HUMAN ERROR CAN ALSO BE A FACTOR,8,9,7,6,54.45,11.047,0.5833,0.1429,7,4,0,0,,0.0,3.42
009810106,0981,HE COULD SING ANY PART IN A SONG,8,8,8,8,30.82,13.964,0.65,0.625,8,5,0,0,,0.0,4.9
009810235,0981,ALL BACK TO NORMAL TOMORROW,8,8,8,7,17.89,13.409,0.7059,1.0,5,4,0,0,,0.0,4.93
009810258,0981,GET ME OUT OF THIS PLACE NOW,6,7,7,7,10.45,14.058,17.0,0.7143,7,0,0,0,,,2.91
009810305,0981,NO HE'S GOING ON STRAIGHT,8,8,8,7,15.16,13.669,0.75,1.2,5,5,0,0,,0.0,4.65
010300298,1030,JUST KEEP YOUR HEAD UP BROTHER,9,10,9,10,76.82,10.142,0.1579,0.1667,6,1,0,0,,0.0,4.92
010300328,1030,LET'S GET THEM INTO THAT FIELD,9,9,9,9,70.24,8.927,0.2381,0.3333,6,2,0,0,,0.0,4.53
010370204,1037,HOPING FOR A GREAT CAMPAIGN,9,10,9,9,44.87,7.565,19.0,0.0,5,0,0,0,,,2.78
010370216,1037,FINAL DAY OF THE MASTERS,8,8,9,8,38.24,7.882,16.0,0.2,5,0,0,0,,,4.38
010370217,1037,YOU WANT TO BE CAREFUL,8,9,9,8,46.93,6.537,13.0,0.0,5,0,0,0,,,4.1
010370246,1037,HOME EARLY FOR THE FIRST TIME ALL WEEK,9,9,9,9,46.71,6.646,20.0,0.0,8,0,0,0,,,5.48
010370309,1037,LIGHT ARE THEY GOING TO GENTLE ME,9,9,9,9,78.37,11.039,0.1053,0.1429,7,0,0,0,,,4.54
010370352,1037,YOU JUST HAD TO LEARN TO IGNORE THEM,9,9,9,9,47.55,6.226,23.0,0.0,8,0,0,0,,,3.79
010370380,1037,YOUR JOBS ARE A JOKE,9,9,9,9,69.28,6.941,0.4167,0.2,5,3,0,0,,0.0,2.77
010390039,1039,WELL LET'S TAKE A LOOK,9,10,9,9,82.46,6.625,0.2857,0.0,5,0,0,0,,,3.11
010390126,1039,GOOD JOB WOULD BE PROUD,8,9,9,9,73.25,8.706,0.2667,0.2,5,1,0,0,,0.0,4.38
010390244,1039,I JUST NEED TO HAVE A GOOD SUMMER,8,9,9,8,98.29,5.857,0.0,0.0,8,0,0,0,,,4.51
010390303,1039,HERE'S THE FIRST NEW PIECES,8,8,9,9,83.21,8.706,0.1875,0.0,5,1,0,0,,0.0,4.55
010460041,1046,ZERO THREE ONE THREE,7,7,8,7,14.73,13.403,0.7692,1.0,4,3,0,0,,0.0,4.36
010460050,1046,TIM IS GOOD AT MOUNTAIN BANK,7,8,8,7,11.76,12.872,0.85,1.1667,6,6,0,0,,0.0,5.3
010460079,1046,JIM HAS A BIG HAD,8,8,8,7,48.13,10.396,0.4615,0.6,5,2,0,0,,0.0,4.42
010460120,1046,TINA LOVES PEARL,6,6,8,8,37.52,12.601,0.5455,0.6667,3,2,0,0,,0.0,2.86
010460152,1046,YOU ARE LOT A DOG,8,9,9,7,26.83,12.085,0.7,0.8,5,4,0,0,,0.0,2.08
010500028,1050,THREE THREE SIX FOUR,5,6,9,8,13.11,12.611,0.8333,1.0,4,3,0,0,,0.0,2.65
010500083,1050,LOWEN LIKES THE THE OLD T SHIRT,7,8,8,7,26.4,12.695,0.65,0.8571,7,5,0,0,,0.0,2.5
010500089,1050,LAYLA HAS A BEAUTIFUL HAT,7,7,8,8,61.54,11.283,0.2778,0.4,5,1,1,1,1.0,1.0,2.62
010500147,1050,JACK LIVES IN TONY NOW,7,7,8,7,10.0,15.726,0.8,1.0,5,5,0,0,,0.0,2.45
010610025,1061,LILLY LOVES CHINA,7,7,8,7,21.65,12.507,0.6667,1.0,3,3,0,0,,0.0,2.65
010610035,1061,FIVE THREE NINE EIGHT,7,8,8,8,6.87,13.836,0.9091,1.0,4,4,0,0,,0.0,2.61
010610067,1061,PETER SMELLS FRESH TURKEY,6,7,7,7,6.45,14.714,0.8824,1.0,4,4,0,0,,0.0,3.88
010610087,1061,BILLY NEEDS NEW CAP,7,8,7,7,32.71,11.917,0.7692,0.5,4,4,0,0,,0.0,2.38
010610094,1061,MARY LIKES YOUR RED GLOVES,7,7,7,7,22.63,13.409,0.6111,1.0,5,4,0,0,,0.0,3.47
010610171,1061,WHAT AM I DOING IT FOR,7,7,6,6,0.0,16.097,1.0714,1.1667,6,6,0,0,,0.0,3.33
010750060,1075,BILLY LET'S A LITTLE TELL,7,8,7,7,45.17,12.476,0.4375,0.6,5,2,0,0,,0.0,4.18
010750072,1075,LOOK AT ELLS NOSE,6,7,6,7,33.54,13.345,0.5455,0.75,4,3,1,1,1.0,0.3333,3.2
010750099,1075,AND CAN SEE THE VAN,8,8,8,8,62.0,9.229,0.2308,0.6,5,1,0,0,,0.0,2.78
010750117,1075,HONEY COME SEE THE GARDEN,8,9,7,7,53.55,11.288,0.4375,0.4,5,2,0,0,,0.0,3.52
010760001,1076,LYNDA LIKES ORANGE,7,8,8,7,26.42,14.292,0.5,1.0,3,1,0,0,,0.0,2.58
010760062,1076,LOCKING LIKE FISH,7,8,7,6,24.13,12.026,0.6364,1.6667,3,2,0,0,,0.0,3.82
010760136,1076,NEVER MIND THE PEN,5,5,7,7,15.85,14.769,0.6923,1.0,4,3,1,1,1.0,0.3333,3.14
010760162,1076,HOW HAPPY AM,7,7,7,7,15.93,12.034,1.0,0.6667,3,3,0,0,,0.0,3.47
010760169,1076,IS IT THE GIRL,7,7,6,6,1.35,14.326,1.3333,1.25,4,4,0,0,,0.0,2.97
010990087,1099,THEY OUGHT TO TAKE A LITTLE OF THIS CHRISTMAS SPIRIT,9,10,10,9,81.81,9.471,0.125,0.1,10,2,0,0,,0.0,3.78
010990139,1099,STILL NOT SURE WHAT IT WAS,9,9,9,9,54.99,11.184,0.3529,0.5,6,3,0,0,,0.0,2.95
010990279,1099,WE WILL SEE YOU TOMORROW AT THE STREAM,8,9,9,8,77.21,10.564,0.0833,0.25,8,1,0,0,,0.0,4.55
011090011,1109,IT WAS AN IMPORTANT WIN,7,7,8,7,20.25,13.651,0.8889,0.6,5,4,0,0,,0.0,8.06
011090235,1109,SEEING A LOT OF BACK AND GOOD,7,7,8,7,47.66,12.074,0.4211,0.5714,7,3,0,0,,0.0,2.67
011090333,1109,BEFORE ALL ELSE YOU WILL ANSWER ME A QUESTION,7,8,7,7,18.62,15.287,0.8276,0.6667,9,9,0,0,,0.0,4.19
011350116,1135,LOOKING TO GET IN TOUCH WITH YOUR MARKETING CREW,7,7,7,7,5.0,15.229,0.9667,0.8889,9,8,1,1,1.0,0.125,4.28
011350249,1135,THEY WERE SO IN LOVE WITH EACH OTHER,6,7,7,7,54.48,16.004,0.2105,0.5,8,2,0,0,,0.0,4.55
011350290,1135,FALL IN LOVE WITH YOUR OWNER COMPANY,6,7,7,7,32.23,14.57,0.4583,0.8571,7,4,1,1,1.0,0.25,3.28
011560117,1156,THE LATEST ADDITION TO THE COLLECTION,9,10,9,9,77.04,9.556,0.0769,0.3333,6,0,0,0,,,4.13
011560269,1156,I NEED TO DO SOMETHING WITH MY LIFE,9,10,9,9,80.58,9.028,0.2273,0.0,8,2,0,0,,0.0,3.17
011560275,1156,TAKING A WALK TO THE STORE,9,10,10,10,84.53,8.05,0.1875,0.0,6,0,0,0,,,2.89
011810133,1181,I NEED TO PICK UP A DESK,8,8,8,8,21.41,14.249,0.6875,0.8571,7,7,0,0,,0.0,3.98
011810214,1181,I GUESS THIS IS SUPPOSED TO BE FUN,7,7,8,7,17.62,13.691,22.0,0.5,8,0,2,0,0.0,,3.46
011810377,1181,IT'S A MUCH WORSE THAN HE HAD EXPECTED,7,7,7,7,58.53,11.779,0.3333,0.375,8,3,0,0,,0.0,3.14
011860308,1186,I WANTED TO SEE THE MAN AFTER HEARING ALL THIS,6,7,6,5,79.86,10.239,0.1333,0.1,10,1,0,0,,0.0,5.36
011860346,1186,YOU ARE A FOOL FOR THAT,7,8,8,7,74.17,10.224,0.3077,0.0,6,3,0,0,,0.0,3.69
011860359,1186,SHE HAD HERE OWN WILL,8,8,8,8,30.93,11.072,0.5385,1.0,5,3,0,0,,0.0,3.38
012280016,1228,REALITY IS NOT AS DRAMATIC,3,3,7,7,13.64,15.233,0.7273,1.0,5,5,1,1,1.0,0.2,3.6
012280161,1228,THERE IS JUST SO MUCH WORK TO DO,8,8,7,6,51.11,12.927,0.2857,0.625,8,2,0,0,,0.0,2.77
012280173,1228,ALREADY OFF TO A GREAT DAY,7,8,8,7,36.45,12.951,0.3529,1.1667,6,2,0,0,,0.0,2.68
012280345,1228,YOU MAY TELL HER THAT,7,7,7,7,83.51,9.079,0.1667,0.0,5,1,1,0,0.0,0.0,5.47
012280355,1228,OH THAT WOULD HURT YOU,7,8,8,7,4.17,16.341,0.9167,1.0,5,5,0,0,,0.0,3.33
012920007,1292,I WOULD NOT MAKE SUCH COMMENTS,8,8,8,8,71.12,8.193,0.25,0.3333,6,1,0,0,,0.0,2.8
012920214,1292,SOMETIMES YOU JUST NEED A GOOD LAUGH,8,8,10,9,83.02,9.145,0.1739,0.0,7,1,0,0,,0.0,3.23
012920268,1292,YOU NEVER KNOW WHAT YOU ARE GOING TO IMPACT,7,8,8,7,72.36,10.681,0.1923,0.2222,9,3,0,0,,0.0,4.19
012920270,1292,REALLY IN DEED OF IT,8,8,9,8,55.71,7.685,0.5385,0.4,5,5,0,0,,0.0,3.11
012930097,1293,THAT'S THE KIND OF PRESIDENT I INTEND TO BE,8,8,9,8,86.2,9.556,0.0938,0.0,9,1,0,0,,0.0,3.57
012930225,1293,IT'S A BEAUTIFUL DAY TO BE A DUCK,9,9,10,9,39.67,8.289,21.0,0.125,8,0,0,0,,,3.59
012930315,1293,I OWN I WAS WEAK,9,9,10,9,86.29,8.854,0.0,0.2,5,0,0,0,,,2.59
013340046,1334,LIKE THREE ACTS OF A DRAMA,7,8,8,7,37.0,9.001,18.0,0.1667,6,0,0,0,,,4.27
013340243,1334,HELPS ME TO HAVE A GO AT MYSELF,8,8,8,8,52.58,9.554,0.3913,0.625,8,5,0,0,,0.0,3.54
013340277,1334,WELL THIS IS A NEW ONE,9,9,9,9,98.03,5.986,0.0,0.0,6,0,0,0,,,2.7
014040097,1404,WHAT A LOVELY SHINY UNDERGROUND,1,1,4,4,17.51,13.789,0.8182,0.8,5,4,2,2,1.0,0.5,4.2
014040124,1404,HE LOVE AND FIRST,7,7,6,6,28.88,10.978,0.5833,1.0,4,3,0,0,,0.0,4.78
014040155,1404,O MY BROTHER'S CHILD,6,7,7,6,67.84,9.735,0.1538,0.5,4,1,0,0,,0.0,4.35
014080073,1408,HE WAS DRIVING THE CAR,7,7,8,8,30.66,12.003,0.8667,0.4,5,5,0,0,,0.0,3.48
014200087,1420,THE DEFENDANTS ALSO WOULD HAVE TO SIGN THE STATEMENT,9,10,10,9,41.57,9.214,37.0,0.0,9,0,0,0,,,4.25
014200206,1420,IT WAS A BEAUTIFUL DAY FOR A FLOAT,8,8,9,9,16.54,14.232,22.0,0.5,8,0,0,0,,,3.8
014200229,1420,DO YOU WANT TO DO AND BRING DOWN THE HOUSE,10,10,10,10,94.74,6.705,0.037,0.0,10,0,0,0,,,2.72
014220001,1422,JIM WILL PAINT MY HOUSE GREEN,4,3,8,8,42.05,12.263,0.3684,0.8333,6,2,3,2,0.6667,1.0,3.93
014220048,1422,TINA IS NOT VERY GOOD AT GYMNASTICS,3,3,7,7,46.93,11.357,0.4643,0.5714,7,2,2,2,1.0,1.0,3.87
014220159,1422,WHAT IS A CHILD,5,5,5,6,55.42,11.038,0.5,0.25,4,2,1,1,1.0,0.5,3.15
014650037,1465,ONE TWO ONE ZERO,9,9,9,9,34.23,12.468,0.4167,1.0,4,1,0,0,,0.0,2.77
014690048,1469,TINA IS NOT VERY GOOD AT RUGBY,9,9,9,9,77.21,11.023,0.0435,0.2857,7,0,0,0,,,4.15
014690050,1469,ALISA IS NOT VERY GOOD AT VOLLEYBALL,8,9,7,7,71.39,11.173,0.1538,0.2857,7,0,0,0,,,5.24
014690074,1469,LUCY HAS A BIG TOE,7,8,7,7,69.99,12.083,0.0769,0.4,5,0,0,0,,,3.74
014690082,1469,TIM LOVES THE NEW SWEATER,8,9,7,7,56.68,11.286,0.375,0.4,5,1,0,0,,0.0,4.21
015010004,1501,LILLY IS GOING TO SEE MONKEY,9,9,9,9,49.25,10.768,0.6842,0.1667,6,5,0,0,,0.0,3.28
015010097,1501,TEDDY CAN SEE THE BUS,8,8,9,9,32.81,11.097,0.5,1.0,5,3,0,0,,0.0,3.14
015010103,1501,ALICE IS CLEAN THE CAR,8,8,9,9,42.08,11.817,0.2857,1.2,5,3,0,0,,0.0,3.42
015010137,1501,JAYME IS DRAWING THE POTATO,7,8,8,7,5.24,13.77,0.9444,1.2,5,5,0,0,,0.0,2.91
015010159,1501,IT'S UP TO YOU,9,9,10,8,0.0,15.015,1.0,1.0,4,4,0,0,,0.0,2.6
015020022,1502,BILLY IS FROM JAPAN,7,7,8,7,13.91,14.712,0.7333,1.25,4,4,0,0,,0.0,2.58
015020065,1502,JAYME GOT SOME HAMBURGER,7,8,9,8,32.47,10.327,0.6875,0.75,4,3,0,0,,0.0,2.59
015020070,1502,I HAVE A BOAT OF LAMB,7,8,8,8,37.81,13.79,0.6923,0.3333,6,4,1,1,1.0,0.25,2.54
015020097,1502,LYNDA CAN SEE THE JEEP,8,8,9,8,50.55,10.725,0.4,0.6,5,3,0,0,,0.0,3.37
015020099,1502,LYNDA GOT ON THE,7,8,8,7,4.79,12.606,16.0,1.0,4,0,0,0,,,2.56
015020126,1502,ANDY LOVES CANBERRA,6,7,8,7,13.87,11.64,0.8571,1.6667,3,3,0,0,,0.0,2.54
015020162,1502,I OPENED MY DOOR,7,8,8,6,24.6,12.699,0.9,0.5,4,4,0,0,,0.0,2.66
015030030,1503,FIVE FOUR,8,9,8,8,38.9,10.551,0.4,1.0,2,1,0,0,,0.0,2.26
015030041,1503,TWO TWO NINE FOUR,9,10,9,9,65.27,9.311,0.2222,0.5,4,1,0,0,,0.0,2.79
015030077,1503,LOOK AT THE BIG HAND,8,9,9,8,28.97,8.871,0.7857,0.8,5,4,0,0,,0.0,2.82
015030082,1503,TIM LIKES THE OLD DRESS,8,8,8,8,43.1,13.514,0.4375,0.6,5,2,0,0,,0.0,2.5
015030142,1503,BETTER WANTS TO BE A GOOD CHARM,8,9,8,8,33.74,10.987,20.0,0.1429,7,0,0,0,,,2.76
020020032,2002,SHE PLANS TO RETURN TO THE CLASSROOM NEXT FALL,8,8,10,9,84.06,8.881,0.0303,0.2222,9,0,0,0,,,3.55
020020123,2002,AND WE KNOW YOU ARE TOO,9,10,10,9,97.57,6.213,0.0,0.0,6,0,0,0,,,2.85
020020204,2002,AIM AS HIGH AS YOU CAN,9,10,10,9,94.23,5.96,0.0769,0.0,6,2,0,0,,0.0,2.72
020020208,2002,HALF THE COUNTRY WAS TRYING TO TELL YOU,9,9,10,9,74.71,10.05,0.1538,0.25,8,2,0,0,,0.0,3.1
020020285,2002,SO GRATEFUL TO BE PART OF THIS PROJECT,9,10,10,9,32.09,12.081,26.0,0.125,8,0,0,0,,,2.63
020070039,2007,SIX EIGHT ZERO TWO,8,9,9,8,81.88,8.228,0.0833,0.25,4,0,0,0,,,3.55
020070050,2007,NINE FIVE SIX ZERO,9,10,9,9,69.13,9.362,0.1429,0.5,4,0,0,0,,,5.26
020070066,2007,DAVID GOT THE T SHIRT,8,9,9,9,56.13,12.935,0.2,0.6,5,0,0,0,,,2.52
020070083,2007,MANDY VANS WALKING TO FARM,6,6,8,8,60.72,10.745,0.3158,0.4,5,1,0,0,,0.0,3.09
020070153,2007,THE TWO ARE THE SAME,8,8,8,8,86.24,11.882,0.0,0.0,5,0,0,0,,,3.21
020140004,2014,JAYME CAN DRAW THE WAR,7,8,8,8,8.07,12.888,0.9231,1.0,5,5,0,0,,0.0,2.62
020140036,2014,TWO ONE SIX ONE,8,8,8,8,95.26,7.37,0.0,0.0,4,0,0,0,,,3.49
020140055,2014,MOON HAS A BIG GLOVES,8,8,9,8,26.03,10.315,0.6667,1.0,5,3,0,0,,0.0,2.88
020140083,2014,SO TIM WENT INTO THE PARK,8,8,8,8,33.34,15.353,0.3333,1.3333,6,2,0,0,,0.0,3.14
020140096,2014,SO SEVENTEEN WENT INTO THE PENCIL OFFICE,7,8,8,7,67.31,13.19,0.069,0.4286,7,0,0,0,,,4.39
020140114,2014,SEE YOU TWO LATER HAVE FUN,7,8,8,8,38.02,10.051,0.4375,1.0,6,4,0,0,,0.0,2.97
020140121,2014,HE'S COME TO USE THE BIRDBATH,8,8,9,8,63.27,10.73,0.1053,0.6667,6,1,0,0,,0.0,3.5
020140173,2014,IS THIS WERE THEIR HAVE,8,8,8,8,36.5,11.083,0.6667,0.6,5,4,0,0,,0.0,2.99
020160042,2016,THIS MAY NOT BE EASY TO ACHIEVE,9,9,9,9,88.77,7.981,0.1053,0.0,7,1,0,0,,0.0,2.76
020160131,2016,JUST DOWN THE STREET FROM MY OFFICE,9,9,9,9,93.69,7.111,0.0417,0.0,7,0,0,0,,,3.32
020160151,2016,BEING ABLE TO SAY YOU AGAIN WAS PERFECT,9,9,10,10,77.93,8.392,0.2308,0.125,8,2,0,0,,0.0,3.91
020270049,2027,FIVE SEVEN THREE EIGHT,8,8,8,8,90.85,7.654,0.0769,0.0,4,0,0,0,,,3.33
020270136,2027,DOES HE WASH TO SEE ME,9,9,8,8,53.41,13.292,0.5,0.1667,6,3,0,0,,0.0,4.03
020270142,2027,WOULD YOU HAVE ME FOR THE A SISTER,7,8,7,6,11.87,14.691,20.0,0.625,8,0,0,0,,,5.67
020300005,2030,ANDY WENT TO SEE HEN,8,8,8,7,59.38,11.309,0.2,0.6,5,1,0,0,,0.0,3.56
020300012,2030,DAVID CAN DRAW THE LION,8,8,8,7,28.48,14.823,0.4375,1.0,5,2,0,0,,0.0,3.63
020300017,2030,TINA WENT TO SEE GOAT,8,8,7,7,52.85,12.908,0.2667,0.6,5,1,0,0,,0.0,3.85
020300044,2030,ZERO EIGHT FOUR FOUR,8,8,8,8,57.47,12.514,0.4,0.25,4,3,0,0,,0.0,3.44
020300056,2030,BILLY LIKES THE OLD JEANS,7,8,7,7,33.76,12.887,0.5294,0.8,5,3,0,0,,0.0,4.82
020300059,2030,JIM NEEDS NEW RAINCOAT,8,9,7,7,60.77,10.033,0.1333,0.75,4,1,0,0,,0.0,3.08
020300073,2030,MIKE GOT THE SHORTS,4,4,6,7,41.25,12.706,0.4167,0.75,4,2,2,1,0.5,0.5,2.76
020310112,2031,COACHES HAVE LEFT AS WELL,8,8,8,8,60.92,11.127,0.1765,0.6,5,1,0,0,,0.0,3.35
020310141,2031,ANYTHING ELSE IN THE WORLD,9,9,10,9,44.21,7.893,16.0,0.0,5,0,0,0,,,2.92
020310154,2031,I KNOW HOW MANY I HAVE,8,9,10,9,94.85,5.654,0.0769,0.0,6,2,0,0,,0.0,2.59
020310376,2031,THAT'S HOW YOU CAN TELL IT'S THERE,9,9,9,8,75.03,10.566,0.1053,0.2857,7,1,0,0,,0.0,2.88
021120059,2112,WE WANT OUR TEAMS TO REMAIN WHERE THEY ARE,8,8,8,8,70.91,11.007,0.2083,0.2222,9,4,0,0,,0.0,2.94
021120075,2112,THIS IS JUST THE WAY I FEEL MOST COMFORTABLE WORKING,8,8,8,8,88.68,7.689,0.0588,0.1,10,0,0,0,,,3.17
021120256,2112,ONLY WAY TO HAVE A FRIEND IS TO BE ONE,8,9,8,9,37.31,11.345,24.0,0.0,10,0,0,0,,,3.27
021120296,2112,THAT THING HAD A LOT OF TIRES,8,9,9,8,63.92,11.058,0.2222,0.4286,7,1,0,0,,0.0,2.75
021160075,2116,I THINK EVERYONE ACROSS THE BOARD IS SAD,8,9,9,8,84.65,7.073,0.0741,0.25,8,0,0,0,,,4.28
021160134,2116,DREAM IT SEE IT AND BE IT,9,9,9,8,26.77,13.378,0.5294,1.0,7,5,0,0,,0.0,3.68
021160185,2116,HOW CAN IT BE SEPTEMBER ALREADY,8,9,9,8,88.15,6.576,0.1739,0.0,6,1,0,0,,0.0,3.28
021160198,2116,WE NEED MORE AND MORE AND MORE,9,9,10,9,82.35,6.878,0.2778,0.0,7,3,0,0,,0.0,3.83
021160203,2116,BEST RIGHT BACK IN THE WORLD,9,9,10,9,31.22,9.39,18.0,0.3333,6,0,0,0,,,3.07
021160249,2116,FOLLOW THE LINK BELOW TO REGISTER,8,8,8,8,65.1,11.69,0.1304,0.5,6,1,0,0,,0.0,4.25
022520067,2252,WHO ELSE WOULD YOU WANT OUT THERE,9,9,9,9,63.98,9.755,0.4444,0.1429,7,4,0,0,,0.0,4.37
022520203,2252,RUNNING ON THE STREETS NOT SO MUCH,9,9,9,9,17.88,12.489,21.0,0.5714,7,0,0,0,,,4.28
022520375,2252,AND YOU CANNOT EVEN JOIN,8,9,8,7,92.88,7.092,0.0588,0.0,5,0,0,0,,,3.83
023270237,2327,IF YOU ARE BLAMING YOU ARE NOT BEING GRATEFUL,9,9,9,9,93.67,7.241,0.037,0.0,9,0,0,0,,,4.32
023270303,2327,TIME FOR ME TO MAKE SOME DECISION,8,8,10,9,83.71,8.731,0.0909,0.1429,7,0,0,0,,,4.12
023270319,2327,I WANT YOUR GOOD NOTHING SO MUCH AS THAT,8,9,8,8,81.45,8.61,0.16,0.1111,9,1,0,0,,0.0,4.2
023270364,2327,I WANT TO DO SOMETHING GOOD WITH IT,9,9,10,9,93.31,6.17,0.087,0.0,8,0,0,0,,,2.63
023550013,2355,I DO WHAT I THINK IS FUNNY,8,8,9,8,86.0,9.058,0.1176,0.0,7,1,0,0,,0.0,4.47
024380116,2438,PLEASE LET ME KNOW HOW I CAN BE OF SERVICE,7,8,8,9,83.33,9.911,0.0769,0.1,10,0,0,0,,,3.32
024380200,2438,I NEED TO KEEP UP WITH THINGS BETTER,9,9,9,9,30.56,14.04,0.7273,0.5,8,6,0,0,,0.0,3.76
024380204,2438,SHE WAS THERE FOR A CONCERT,7,8,9,9,11.01,11.997,20.0,0.8333,6,0,0,0,,,2.43
024380247,2438,AT THE COST OF WHAT,8,8,8,8,56.74,9.938,0.3077,0.6,5,3,0,0,,0.0,2.42
024380265,2438,THAT'S A BUCKET LIST GOAL,8,8,8,8,69.77,9.703,0.1765,0.4,5,0,0,0,,,3.74
024380278,2438,HAPPY BIRTHDAY THANK YOU FOR YOUR ALL YOU DO,8,9,8,8,72.09,10.556,0.2692,0.1111,9,4,0,0,,0.0,3.84
024380315,2438,IT WAS TIGHT FIT,8,8,9,9,73.61,8.423,0.0909,0.5,4,0,0,0,,,2.31
024410240,2441,SO MUCH TO DO TOMORROW,9,9,9,9,83.96,7.021,0.0,0.4,5,0,0,0,,,3.36
024410368,2441,THE MOTIVE FOR THE CRIME IS NOT FAR TO SEEK,8,8,8,8,38.92,9.041,27.0,0.1,10,0,1,0,0.0,,4.7
024480186,2448,JUST TO HEAR HIS VOICE,9,9,9,9,70.65,6.533,0.2857,0.4,5,1,0,0,,0.0,3.92
024480244,2448,LEARN THE WHY NOT JUST THE WHAT,8,8,8,8,48.74,11.195,0.2632,0.8571,7,3,0,0,,0.0,10.42
024480255,2448,THEN IT'S TIME TO DO SOMETHING NEW,9,9,9,8,85.05,7.71,0.1905,0.0,7,1,0,0,,0.0,3.0
024480292,2448,LEARN TO BE COMFORTABLE WITH THE PRESSURE,8,9,9,8,18.88,11.991,26.0,0.5714,7,0,0,0,,,3.16
024480297,2448,I BELIEVE IN YOU YOU CAN MAKE IT HAPPEN,8,8,9,8,93.46,7.269,0.04,0.0,9,0,0,0,,,2.96
024510114,2451,TROOPS MOVE IN TO BREAK UP SOME STRIKES,8,8,8,8,73.84,8.753,0.1481,0.375,8,1,0,0,,0.0,3.23
024510323,2451,NO ANGEL WOULD DO SUCH A THING,8,9,8,8,71.87,12.121,0.2778,0.0,7,2,0,0,,0.0,3.25
024880207,2488,I REALLY NEED TO DO BETTER,8,8,9,9,68.99,11.129,0.375,0.0,6,2,0,0,,0.0,3.45
024880245,2488,I DO NOT WANT TO PLAY THIS,9,9,9,9,42.17,8.917,17.0,0.0,7,0,0,0,,,2.73
025380091,2538,IT IS AN INNER INTERNATIONAL WORD,7,8,7,7,61.0,11.544,0.3182,0.3333,6,2,0,0,,0.0,2.78
025380133,2538,ADVICE AS FAR AS WHAT,8,8,8,8,89.29,7.022,0.1333,0.0,5,0,0,0,,,2.32
025380151,2538,YES AND THE DEADLY ONE TOO,8,8,8,8,80.98,8.121,0.0556,0.3333,6,1,0,0,,0.0,2.36
025380251,2538,OR THE ONE WITH THE PHOTOGRAPHERS,8,8,8,8,23.91,13.046,20.0,0.3333,6,0,0,0,,,3.04
027400125,2740,IT'S A GAME OF CHEESE BABY,8,8,9,9,76.23,8.761,0.125,0.3333,6,0,0,0,,,2.75
027400289,2740,IT WOULD BE A GREAT FOR US TO ADD HIM,8,8,8,8,70.12,9.191,0.25,0.3,10,2,0,0,,0.0,2.48
028970052,2897,THE STORM HIT ABOUT AN HOUR LATER,9,10,9,9,78.51,10.268,0.0476,0.2857,7,0,0,0,,,2.61
028970129,2897,STUFF FOR THE OTHER ACCOUNT,9,10,9,9,43.96,8.021,15.0,0.0,5,0,0,0,,,3.03
029170043,2917,I BELIEVE I'M THE RIGHT PERSON FOR THE JOB,9,9,9,9,45.84,7.081,25.0,0.0,9,0,0,0,,,3.29
029170055,2917,THE GENERAL CONCLUSION WAS THAT IT IS NOT THAT SIMPLE,9,10,8,9,36.04,8.979,37.0,0.2,10,0,0,0,,,4.07
029170359,2917,I WAS TRANSFERRED FROM ONE MASTER TO ANOTHER,8,8,9,9,93.07,6.853,0.0645,0.0,8,0,1,0,0.0,,3.41
029370032,2937,THE IDEAS OF COURSE ARE NOT NOT NEW,8,8,8,9,80.94,8.907,0.15,0.125,8,0,0,0,,,3.13
029370142,2937,AND BY THEN IT WILL BE TOO LATE,8,8,8,8,62.88,13.56,0.25,0.25,8,2,0,0,,0.0,4.17
029370153,2937,YOU CAN DO IT BUD,8,8,9,9,40.76,12.205,0.4167,0.8,5,3,0,0,,0.0,2.08
029370379,2937,BEST TO PLAY SAFE ANYWAY,8,8,8,9,60.39,12.925,0.2353,0.4,5,1,0,0,,0.0,2.48
030070025,3007,THERE ARE BOTH MY HANDS,7,8,8,8,47.83,6.086,13.0,0.0,5,0,0,0,,,2.33
030070066,3007,HOW CAN I TELL IT YOU,7,8,7,7,44.3,12.465,0.6154,0.3333,6,4,0,0,,0.0,2.68
030070112,3007,I WANT YOU TO TELL ME SOMETHING FIRST,8,8,8,8,76.85,10.325,0.25,0.0,8,2,0,0,,0.0,2.75
030120001,3012,THERE WELL MANY THINGS NEW TO ME,8,8,8,8,70.79,10.882,0.2632,0.1429,7,2,0,0,,0.0,3.73
030120155,3012,WHO IS IT THAT CALLS,8,8,8,8,68.5,12.827,0.0769,0.4,5,0,0,0,,,3.23
030120165,3012,TAKE CAR HOW YOU GO,9,9,7,8,70.31,9.301,0.1818,0.4,5,1,0,0,,0.0,3.06
030140025,3014,I LIKE TO HAVE IT BEFORE MY EYES,8,8,8,8,84.86,7.309,0.2105,0.0,8,2,0,0,,0.0,2.35
030140095,3014,I WAS FIRST TO DRAW,8,8,9,9,75.95,6.33,0.3077,0.2,5,1,0,0,,0.0,2.67
030140129,3014,I KNOW WE ARE,9,10,8,7,85.42,8.121,0.1667,0.0,4,1,0,0,,0.0,2.38
030270140,3027,WELL NOW WHAT ARE WE TO DO,8,9,8,7,92.72,8.64,0.0,0.0,7,0,0,0,,,3.04
030270141,3027,TAKE OUT YOUR EYES AND GET THEM TO ME,9,9,8,8,80.27,8.851,0.1739,0.1111,9,2,0,0,,0.0,3.06
030600039,3060,AND HER MOTHER BEEF HER,8,8,8,6,31.59,12.346,0.7143,0.6,5,5,0,0,,0.0,2.45
030600041,3060,WILL YOUR GIVE THEM TO HER,6,7,7,6,26.67,15.424,0.8667,0.3333,6,6,0,0,,0.0,2.99
030600104,3060,THAT IS WHAT I DO KNOW,7,8,7,6,28.09,13.646,0.6923,0.6667,6,5,0,0,,0.0,3.45
030600140,3060,WHERE WAS SHE TO GO KNOW,7,8,7,7,34.47,12.958,0.6923,0.5,6,5,0,0,,0.0,3.05
030600156,3060,WHY WHERE THEN COMING BACK,7,8,7,6,56.71,10.645,0.4,0.4,5,3,0,0,,0.0,3.1
030750034,3075,IT WAS EASY WHAT HE HAD TO DO,8,9,8,7,37.6,11.198,20.0,0.0,8,0,0,0,,,3.12
030750042,3075,FROM IT SHE LOOKED TO,7,8,7,6,34.57,15.874,0.4286,0.8,5,2,0,0,,0.0,2.4
030750058,3075,NOW WHAT YOU HAVE DONE,7,8,7,6,71.04,12.633,0.1538,0.2,5,1,0,0,,0.0,2.9
030750088,3075,WHAT DOES SHE SAY,8,8,8,8,24.84,13.828,0.7,0.75,4,3,0,0,,0.0,2.74
032140017,3214,THAT WAS THE DOG YOU KNOW,8,8,8,8,28.43,10.788,15.0,0.3333,6,0,1,0,0.0,,2.93
032140078,3214,THIS WAS NOT FOR LONG,8,8,9,8,72.07,9.393,0.1429,0.4,5,1,0,0,,0.0,2.53
032140087,3214,YOU MAY GO DOWN,8,8,8,8,65.8,8.208,0.5556,0.0,4,2,0,0,,0.0,2.39
032140164,3214,YOU WRITE TO ME,8,9,8,8,61.87,11.985,0.3333,0.25,4,1,0,0,,0.0,1.87
034120085,3412,AS FOR ME I AM WAITING,8,8,8,8,59.24,10.379,0.5,0.1667,6,4,0,0,,0.0,3.58
034120125,3412,I WAS NOT LISTENING,9,9,9,9,71.67,6.664,0.5,0.0,4,2,0,0,,0.0,2.47
034120155,3412,THEY ARE FORTY IN IT,7,8,8,8,66.29,11.311,0.1818,0.4,5,2,0,0,,0.0,3.37
034120170,3412,IN SHORT IT WAS HIS DAY,7,8,8,8,75.3,9.019,0.3333,0.0,6,2,0,0,,0.0,3.21
036310007,3631,I TURNED THE CHILD ROUND,9,9,9,9,28.77,13.947,0.4667,1.0,5,2,0,0,,0.0,3.71
036310035,3631,BUT THAT WILL IN CLOUDS,8,8,8,8,57.08,12.77,0.1875,0.6,5,1,0,0,,0.0,3.86
036310098,3631,LOVE YOUR PARENTS YOUNG ONES,8,8,8,8,65.97,9.804,0.3684,0.2,5,2,0,0,,0.0,2.62
036310159,3631,TELL ME IS SHE WELL AND HAPPY,8,8,9,9,69.27,11.306,0.1053,0.4286,7,0,0,0,,,3.09
050150069,5015,I'M GLAD TO MEET YOU,8,8,8,8,78.87,7.644,0.0769,0.4,5,1,0,0,,0.0,2.89
050150125,5015,HE WAS LATE THIS MORNING TOO,8,8,8,8,83.51,10.745,0.0,0.1667,6,0,0,0,,,3.04
050150129,5015,YOU DON'T HAVE TO TELL,8,9,8,8,30.5,14.109,0.7857,0.4,5,5,0,0,,0.0,3.0
050150163,5015,I NEVER COULD TELL,9,9,9,9,53.32,11.75,0.3636,0.5,4,2,0,0,,0.0,2.82
050150173,5015,YOU MUST DO THE BEST YOU CAN FOR ME,8,9,8,8,76.99,11.069,0.2174,0.0,9,3,0,0,,0.0,4.11
050170002,5017,BUT I DON'T CARE TO TAKE TALK ABOUT THAT,8,8,7,8,50.06,14.636,0.28,0.5556,9,3,0,0,,0.0,4.64
050170101,5017,I SAW HIM TODAY FOR THE FIRST TIME,8,8,9,8,21.53,11.736,20.0,0.5,8,0,0,0,,,3.0
050170117,5017,OF COURSE I COULD DO NOTHING,8,8,8,8,87.77,7.988,0.125,0.0,6,0,0,0,,,2.87
050170129,5017,WE MUST TO HOUSE,9,9,9,9,39.76,10.23,0.5455,0.75,4,3,0,0,,0.0,2.2
050290038,5029,AND WHAT HE MOST LIKE DO WILL BE,7,8,7,8,69.06,9.903,0.2727,0.25,8,1,0,0,,0.0,3.23
050290060,5029,MUST IT PLAY ANY MORE DIS AFTERNOON,7,8,8,7,64.9,8.771,0.2083,0.5714,7,3,0,0,,0.0,3.32
050290079,5029,I SHOULD LIKE THAT BETTER,8,8,8,8,66.88,10.203,0.2143,0.4,5,1,0,0,,0.0,3.11
050290129,5029,ONE OF THEM MUST GIVE WAY,6,7,8,8,72.34,8.979,0.2941,0.1667,6,2,0,0,,0.0,3.53
050390049,5039,LOOK AT HIM WHERE MY FRIEND,8,8,7,7,82.44,9.81,0.0588,0.1667,6,1,0,0,,0.0,3.84
050390059,5039,I HOPE SAYS NOW YOU WILL LEAVE HIM,7,7,7,7,64.56,10.219,0.35,0.25,8,2,0,0,,0.0,3.5
050390081,5039,TRY YOU LUCK THERE,7,8,7,7,44.03,11.734,0.7,0.25,4,3,0,0,,0.0,2.8
050390087,5039,SAY MAY I WALK A LETTER WAY WITH YOU,8,9,7,7,81.01,11.576,0.05,0.1111,9,0,0,0,,,4.48
050390090,5039,NOTHING OF THE KIND HERE SIR,7,8,8,8,31.87,11.565,16.0,0.1667,6,0,0,0,,,3.01
050390129,5039,I SURE HE KNOWS MY ALREADY,8,8,8,8,71.2,9.088,0.3125,0.1667,6,2,0,0,,0.0,4.82
050720001,5072,THE KIDS ARE GROWING UP,8,8,9,9,80.88,9.773,0.0714,0.2,5,0,0,0,,,2.81
050720102,5072,BUT SHALL I NOT OFTEN SEE YOU,8,9,9,8,52.71,13.251,0.4444,0.2857,7,3,0,0,,0.0,2.8
052200004,5220,WE DON'T WANT TO CARRY IT TOO FAR,7,8,7,6,28.77,11.523,0.8636,0.5,8,8,0,0,,0.0,2.8
052200089,5220,HE COULD NOT EAT,8,8,8,8,80.8,9.598,0.2,0.0,4,1,0,0,,0.0,2.15
052200094,5220,BUT I WILL TELL YOU,7,8,9,9,27.21,13.394,1.0,0.2,5,5,0,0,,0.0,1.91
052200101,5220,MAY I NOW TAKE MY LEAVE,8,8,9,9,95.37,7.316,0.0,0.0,6,0,0,0,,,3.03
054060049,5406,THE HOUSE IS STRONG,7,8,8,8,65.53,8.066,0.4167,0.25,4,1,0,0,,0.0,2.72
054060076,5406,TELL THE GIRL TO PUT IT AWAY FOR YOURS TEA,8,8,8,8,48.63,12.186,0.44,0.5,10,4,0,0,,0.0,3.7
054060077,5406,I WISH I COULD HELP,9,9,9,9,97.28,6.36,0.0,0.0,5,0,0,0,,,2.61
054060099,5406,BUT THEY MUST BE NINE ONES LIKE YOURS YOU KNOW,8,8,8,8,83.72,8.069,0.1429,0.1,10,1,0,0,,0.0,3.73
054060116,5406,HE LOOKED MUCH OLDER,8,8,8,8,80.5,10.903,0.1538,0.0,4,0,0,0,,,2.76
054060147,5406,SHE MUST BE HUNGRY AND SHE MUST BE COLD,8,9,9,8,92.0,8.14,0.0345,0.0,9,0,0,0,,,3.5
054060173,5406,AS FAR AS HE COULD SEE THE GAME WAS OVER,8,9,9,8,81.39,10.807,0.08,0.1,10,1,0,0,,0.0,3.51
054280018,5428,YOU WOULD NOT PAY,9,9,9,9,86.5,6.748,0.2,0.0,4,1,0,0,,0.0,2.42
054280023,5428,I MUST FIND YOU SOMETHING ELSE,8,8,9,9,59.61,12.694,0.2,0.5,6,0,0,0,,,3.37
054280057,5428,BUT I'M GLAD YOU WILL SEE ME AS I AM,6,6,7,7,59.51,13.136,0.3043,0.3,10,4,2,2,1.0,0.5,3.81
054280109,5428,THEY MUST FIND A ROOM FOR ME,7,8,7,8,62.82,12.994,0.1667,0.4286,7,2,0,0,,0.0,3.81
054320015,5432,I'LL TELL MY MOTHER,8,8,8,8,50.92,12.95,0.3636,0.5,4,1,0,0,,0.0,3.07
054320024,5432,HIS KIND WILL COME FIRST AND BETTER ONES AFTER,6,6,8,8,42.04,13.616,0.2812,0.8889,9,3,1,1,1.0,0.3333,3.72
054320061,5432,HE NOW HAD BOTH EYES WIDE OPEN,7,7,7,8,46.15,13.167,0.5789,0.2857,7,3,1,1,1.0,0.3333,3.73
054320092,5432,THESE WERE ALL LITTLE GIRLS,5,5,7,8,13.27,14.616,0.75,1.2,5,5,2,2,1.0,0.4,2.86
054320136,5432,AH I DON'T LIKE THAT OTHER WORLD,7,7,8,8,39.0,12.458,0.5789,0.5714,7,4,1,1,1.0,0.25,2.73
055470082,5547,HE WOMAN FOLLOW HIM UP THE SERE,7,8,6,5,25.11,13.336,0.65,0.8571,7,6,0,0,,0.0,4.35
055470141,5547,I I SAW HIM MORE THAN ANGRY NOW,6,7,6,6,34.52,13.893,0.5789,0.625,8,7,0,0,,0.0,4.32
055470175,5547,WHAT ABOUT THE FUTURE,7,8,8,7,61.85,13.002,0.1429,0.5,4,0,0,0,,,2.68
060670029,6067,I AM QUITE SURE I DID NOT,8,8,8,8,33.26,11.227,18.0,0.1429,7,0,0,0,,,2.84
060670080,6067,BUT AS SUCH SHE WOULD NOT BE AFRAID OF HIM,8,8,8,8,92.84,8.58,0.0,0.0,10,0,0,0,,,3.26
060670094,6067,THE COWS NEVER GAVE SO MUCH MILK AS THAT NIGHT,8,8,8,8,92.77,8.614,0.0,0.0,10,0,0,0,,,3.07
060670111,6067,I KNOCKED AT THE DOOR AND ENTERED,7,8,8,8,85.73,9.503,0.1053,0.0,7,1,0,0,,0.0,3.16
060990083,6099,I WONDER WHAT I SHOULD HAVE DONE,8,9,8,8,36.87,9.422,19.0,0.1429,7,0,0,0,,,2.99
060990089,6099,WE WENT OUT TO SEE HIM,8,8,9,7,70.71,9.646,0.4,0.0,6,4,0,0,,0.0,2.58
060990129,6099,BUT THERE IS NO CRY OF HELPING,7,8,8,8,79.72,10.618,0.0952,0.1429,7,0,0,0,,,2.7
060990175,6099,THE MAN TOLD WILLING FOR HIS OTHERS,7,7,7,7,62.99,12.699,0.2609,0.2857,7,1,0,0,,0.0,3.13
069020006,6902,THAT IS WHAT MR WRIGHT ASKS,6,6,7,6,17.43,12.534,0.75,1.5,6,5,1,1,1.0,0.2,3.72
069020075,6902,SHE MUST BE MADE TO STAY,0,3,0,0,10.21,13.02,0.875,1.0,6,6,6,6,1.0,1.0,2.81
069020096,6902,NO WONDER EVERY ONE HAS STOPPED TO LOOK,6,7,6,6,46.59,11.221,0.4444,0.625,8,5,1,1,1.0,0.2,4.71
080630011,8063,WHAT WOULD SHE DO UNDER THIS BE,8,8,8,8,63.44,12.413,0.2632,0.2857,7,3,0,0,,0.0,3.01
080630125,8063,STILL YOU MUST HAVE IT YOUR OWN WAY,8,9,8,8,35.25,10.498,21.0,0.125,8,0,0,0,,,2.93
080630140,8063,I KNOW TOO MUCH ABOUT YOUR AGE,8,9,8,8,96.14,5.458,0.0588,0.0,7,0,0,0,,,2.5
080630155,8063,OUR TEMPLE STAIRS ARE RATHER DARK,8,8,9,8,51.44,10.199,0.2632,0.8333,6,0,0,0,,,3.42
081530065,8153,YOU GO IN AND ASK HER IF SHE DO,9,9,9,9,85.23,8.635,0.15,0.0,9,2,0,0,,0.0,3.04
081530073,8153,WHAT A PITY YOU HAVE HAD YOUR BREAKFAST,8,8,8,8,63.01,12.101,0.2308,0.375,8,3,0,0,,0.0,3.28
081530096,8153,BUT I HAD TO FIGHT FOR IT I HAD,7,7,8,8,14.55,12.725,21.0,0.6667,9,0,1,0,0.0,,2.52
081530100,8153,YET WHY THERE SHOULD BE NOTHING IS HARD TO SAY,8,8,9,9,34.97,13.437,0.4231,0.9,10,5,1,1,1.0,0.2,3.63
081530107,8153,I DO NOT KNOW WHETHER THIS IS TRUE,9,9,9,9,36.76,9.744,20.0,0.125,8,0,0,0,,,3.25
081530170,8153,SO OF THE NATIONS WITH THEIR WARS,7,8,8,8,15.3,13.778,22.0,0.5714,7,0,0,0,,,2.54
085810012,8581,IN THIS CASE WHAT A WAR,7,8,8,7,63.65,12.819,0.2143,0.3333,6,2,0,0,,0.0,2.39
085810048,8581,I THINK THAT I AM NEAR THE END OF IT,7,8,8,7,88.68,8.39,0.0909,0.0,10,2,0,0,,0.0,3.64
085810086,8581,I WASH I COULD SLEEP,9,10,9,8,81.06,7.302,0.1667,0.2,5,0,0,0,,,2.52
085810116,8581,HERE WAS THE ONE THING SHE HAD TO DO NOW,7,7,8,8,32.17,12.416,22.0,0.1,10,0,0,0,,,3.56
085840013,8584,SO PREPARE FOR THIS VERY VERY NIGHT,8,8,8,8,76.55,11.288,0.2174,0.0,7,2,0,0,,0.0,3.38
085840036,8584,HAD THE MOMENT REALLY COME,8,8,8,8,57.08,13.517,0.2778,0.4,5,1,0,0,,0.0,3.05
085840077,8584,LOOK NOW AT THE PATH BELOW US,6,7,8,7,36.14,13.832,0.6667,0.4286,7,7,0,0,,0.0,3.18
085840086,8584,AND IN THAT YOU ANSWERED ME,9,9,9,9,33.61,14.08,0.7647,0.3333,6,5,0,0,,0.0,2.99
085840092,8584,THIS DESK IS YOUR ROCK SIR,9,9,9,9,73.77,10.926,0.1875,0.1667,6,2,0,0,,0.0,3.58
085840099,8584,I ASK YOU IS SUCH A MAN FREE,6,6,8,8,53.12,14.485,0.3333,0.375,8,4,2,2,1.0,0.5,3.21
085840117,8584,HOW BIG IS YOUR HOUSE,9,9,9,9,73.83,10.919,0.1667,0.2,5,1,0,0,,0.0,2.15
090880018,9088,IS THIS ANYTHING TO ME,9,9,9,9,79.56,10.221,0.2,0.0,5,1,0,0,,0.0,1.92
090880064,9088,EVEN THIS IS MORE THAN WE CAN SAY,8,8,9,9,83.21,6.759,0.1905,0.125,8,3,0,0,,0.0,3.13
090880145,9088,IT WAS AS STILL AS DEATH,8,8,9,9,71.99,8.692,0.3125,0.1667,6,1,0,0,,0.0,2.38
090880157,9088,THE NAMES REMAINING WERE CALLED IN THE SAME MANNER,8,8,8,9,30.78,11.275,28.0,0.2222,9,0,0,0,,,4.33
091010107,9101,IF YOU NOT MORE THAN TEN I WILL MAKE FIGHT,8,8,8,8,83.64,9.682,0.08,0.1,10,1,0,0,,0.0,3.75
091010109,9101,BUT YOU HAD BEST WASTE NO TIME ON QUESTIONS,8,8,8,8,82.26,11.396,0.0323,0.1111,9,1,0,0,,0.0,5.17
091070001,9107,THE LAST STAGE WAS REACHED,7,7,8,8,66.24,11.469,0.1765,0.4,5,1,0,0,,0.0,3.11
091070038,9107,IF ANY MAN EVER LOVED A GIRL SHE LOVED YOU,9,9,9,9,73.44,10.077,0.1481,0.3,10,0,0,0,,,3.55
091070049,9107,THERE IS OUR STARTING POINT,9,9,9,9,83.95,8.554,0.0588,0.2,5,0,0,0,,,2.88
091070135,9107,YOU WIN THE PRIZE YOU SEE,9,9,9,9,63.57,11.547,0.0667,0.6667,6,2,0,0,,0.0,2.5
091070142,9107,YOU START A QUESTION AND IT'S LIKE STARTING A STONE,8,8,9,8,54.26,12.22,0.2059,0.7,10,4,0,0,,0.0,4.29
091070143,9107,SHE SENDS YOUR HER REGARD,8,8,9,8,40.22,11.953,0.4375,0.8,5,3,0,0,,0.0,3.32
091070162,9107,THEN THIS WAS THE SECRET OF IT ALL,8,8,8,8,41.03,9.483,20.0,0.0,8,0,0,0,,,2.97
091180015,9118,HE IS TRULY A GOOSE AND NOT A DUCK,7,7,8,8,22.81,11.928,24.0,0.4444,9,0,1,0,0.0,,2.93
091180025,9118,I WONDER IF SATURDAY WILL EVER COME,9,9,8,8,81.83,10.852,0.0435,0.1429,7,1,0,0,,0.0,3.53
091180044,9118,WHERE YOU NOT ABLE TO BUY ANYTHING FROM THEM,8,8,9,9,59.08,11.199,0.3704,0.3333,9,2,0,0,,0.0,3.2
091180056,9118,SOMETHING TERRIBLE WAS IN PREPARATION,8,8,8,8,91.57,9.213,0.0,0.0,5,0,0,0,,,3.71
091180110,9118,SHALL YOU STATE AT ONCE,8,8,8,8,2.24,13.88,14.0,1.0,5,0,0,0,,,2.62
095530066,9553,BUT THAT WOULD NOT ALONE EXPLAIN HIS PLEASURE,8,8,8,8,95.1,7.449,0.0,0.0,8,0,0,0,,,4.49
095530083,9553,BUT WHAT CAN BE THEIR AM,8,8,8,8,70.33,10.149,0.1875,0.3333,6,2,0,0,,0.0,3.39
095530152,9553,HE COULD PAY NO ATTENTION,9,10,9,9,98.5,5.749,0.0,0.0,5,0,0,0,,,2.52
095550043,9555,AND THERE IS WORSE BEHIND,8,8,9,9,70.48,10.762,0.0,0.6,5,0,0,0,,,3.23
095550046,9555,HE SITS BY HER SIDE FOR HOURS,8,8,8,8,86.96,7.574,0.1579,0.0,7,1,0,0,,0.0,3.01
095550073,9555,SO FAR THEY WERE IN PERFECT AGREEMENT,7,8,8,7,86.8,10.601,0.04,0.0,7,0,0,0,,,3.65
095550092,9555,DO ANYTHING BUT COME DOWNSTAIRS WITH ME,8,8,8,7,87.24,10.419,0.0385,0.0,7,0,0,0,,,3.49
095580039,9558,IF THIS WERE TRUE WHO COULD BE UNHAPPY,8,8,8,8,31.93,11.373,0.9565,0.25,8,8,0,0,,0.0,3.88
095580071,9558,THE SECOND WAS RATHER LESS SIMPLE BUT NOT MUCH LONGER,7,8,8,7,83.88,10.21,0.0541,0.1,10,0,0,0,,,5.0
095580102,9558,HE BOWED AND WALKED OUT OF THE ROOM,7,7,8,8,32.6,9.952,21.0,0.25,8,0,1,0,0.0,,2.99
096010005,9601,"BUT HE CAN DO THINGS, BUT THIS?",3,3,5,5,12.89,14.092,0.95,0.7143,7,7,2,2,1.0,0.2857,3.72
096010007,9601,YOU MAY NOT WANT TO KNOW.,5,5,6,6,10.0,15.26,0.8,1.0,6,6,2,2,1.0,0.3333,3.05
096010008,9601,SO HE CALLED AND ASKED ONE MORE TIME.,3,3,5,5,8.1,15.059,0.913,0.875,8,7,2,2,1.0,0.2857,5.04
096010013,9601,WHAT HE SAW ABOUT HER THAT MADE HER SPECIAL.,4,5,5,5,3.33,15.682,1.0385,0.8889,9,9,6,6,1.0,0.6667,4.83
096080005,9608,SHE WISHED THAT SHE HAD NEVER COME HERE.,4,5,5,4,18.37,16.017,0.7826,0.75,8,7,3,3,1.0,0.4286,4.1
096080018,9608,"WE TALKED ALL NIGHT, AGAIN, ABOUT THIS AND THAT.",3,4,4,4,23.22,15.284,0.5357,1.0,9,5,4,4,1.0,0.8,4.08
096080027,9608,YOU HAVE TO CHANGE WITH THEM OR BE LEFT BEHIND.,4,5,4,4,35.6,13.366,0.5333,0.7,10,5,6,5,0.8333,1.0,4.9
096100003,9610,"ACTUALLY, THERE IS SOMETHING YOU CAN DO FOR ME!",5,6,6,4,46.86,14.311,0.3571,0.5556,9,3,0,0,,0.0,4.95
096100008,9610,IT WAS STILL ON HIS BACK.,6,7,6,6,11.76,16.737,0.7647,1.0,6,5,0,0,,0.0,3.38
096100013,9610,"IF SO, WHAT WAS IT?",5,6,6,5,7.88,14.06,1.1667,0.8,5,5,0,0,,0.0,3.2
096100015,9610,HE TURNED HIS HEAD AWAY FROM HER.,4,4,6,6,21.43,16.758,0.5714,1.0,7,6,2,2,1.0,0.3333,3.71
096100019,9610,IT WAS WHEN I WAS VERY YOUNG.,5,6,5,6,57.87,14.376,0.2105,0.4286,7,1,1,0,0.0,0.0,4.92
096100020,9610,I ASKED TO BE SURE.,4,4,5,5,0.89,14.553,13.0,1.2,5,0,1,0,0.0,,3.66
096120007,9612,IT IS GOING TO BE SO MUCH FUN.,5,6,5,5,17.53,13.736,18.0,0.5,8,0,2,0,0.0,,3.59
096120011,9612,"BUT WE LOOKED LIKE THAT A LONG, LONG TIME AGO.",6,7,7,7,27.37,11.816,29.0,0.3,10,0,1,0,0.0,,3.65
096120013,9612,"I AM A PLAIN MAN, AND SAY WHAT I THINK.",6,6,6,6,50.84,14.331,0.25,0.6,10,4,1,1,1.0,0.25,3.93
096120016,9612,HE WAS STILL AT HOME.,4,3,8,8,51.32,14.983,0.2143,0.6,5,2,2,2,1.0,1.0,2.44
096170001,9617,SHE WAS JUST LIKE HE WAS.,3,3,6,6,1.1,14.448,1.1765,1.1667,6,5,2,2,1.0,0.4,2.76
096170007,9617,AND ONCE MORE SHE WAS ALL HIS OWN.,6,6,6,6,0.0,15.234,1.0,1.0,8,8,1,1,1.0,0.125,3.97
096180011,9618,THIS IS THE WAY OF LIFE.,7,7,8,8,10.72,15.43,0.7857,1.0,6,6,1,1,1.0,0.1667,2.52
096180012,9618,AS IF SHE HAD SOMETHING ON HER MIND.,5,5,7,7,0.0,16.639,1.0435,1.0,8,8,1,1,1.0,0.125,4.21
096180015,9618,WE COULD PUT YOU IN A WORLD OF HURT.,7,7,6,6,0.0,16.902,1.0,1.0,9,9,0,0,,0.0,3.63
096220001,9622,"YOU SHOULD KNOW THAT, AND YOU ALWAYS WILL BE.",5,6,5,5,12.0,16.118,0.76,1.1111,9,8,1,1,1.0,0.125,5.81
096220013,9622,I ASKED IF THEY WERE IN A FIGHT OR SOMETHING.,4,4,4,4,19.02,14.992,0.68,0.9,10,9,1,1,1.0,0.1111,5.08
096220014,9622,"NO, NO. HE WAS TOO GOOD A WORKMAN FOR THAT.",6,7,5,5,43.13,13.857,0.4231,0.6,10,5,2,1,0.5,0.2,6.74
096220015,9622,HE PUT HER DOWN AND PATTED HER ON THE HEAD.,3,3,4,4,0.0,16.381,32.0,1.0,10,0,4,0,0.0,,5.09
096230006,9623,THERE WAS NO NEED FOR HIM TOO.,4,5,5,4,4.29,15.428,14.0,0.8571,7,0,2,0,0.0,,4.17
096260006,9626,THEY ALL SMILED AT THE WORLD AROUND THEM.,3,3,4,4,14.58,16.228,0.7083,1.0,8,7,4,4,1.0,0.5714,5.13
096260008,9626,NOW THERE WAS ONLY ONE THING LEFT TO DO.,4,5,4,4,3.33,16.262,24.0,0.8889,9,0,4,0,0.0,,5.31
096260015,9626,I SEEMED TO BE THE FIRST ONE DOWN.,5,6,5,5,3.75,15.386,23.0,0.875,8,0,0,0,,,4.79
096260016,9626,I HAD TO FIND A DIFFERENT BACK DOOR.,3,3,4,5,0.28,14.859,24.0,1.0,8,0,1,0,0.0,,5.4
096260017,9626,HE HAD NO IDEA WHAT PEOPLE WOULD SAY.,4,4,4,4,0.0,16.337,1.0,1.125,8,8,4,4,1.0,0.5,5.29
096290004,9629,SHE SMILED AT THE TIME.,3,3,5,5,23.85,15.271,0.6429,0.8,5,4,1,1,1.0,0.25,4.05
096290018,9629,THIS WAS THE WAY IT SHOULD ALWAYS BE.,5,6,6,5,0.0,16.133,27.0,1.0,8,0,1,0,0.0,,5.65
096290020,9629,SHE STOPPED WHERE SHE WAS AND LOOKED AROUND.,5,5,6,5,0.0,16.596,1.04,1.0,8,8,0,0,,0.0,5.54
096310002,9631,SHE SMILED FOR THE FIRST TIME THAT DAY.,5,5,6,6,11.25,15.797,26.0,0.625,8,0,3,0,0.0,,3.78
096310003,9631,THERE WAS SOMETHING IN FRONT OF HER.,3,3,6,5,12.86,15.138,19.0,0.5714,7,0,2,0,0.0,,3.38
096310010,9631,AND THEN THERE WAS HER FACE.,4,4,6,6,11.98,14.008,16.0,0.6667,6,0,3,0,0.0,,3.86
096310013,9631,WHAT WOULD THEY BE LIKE TO WORK WITH.,4,4,6,6,44.59,15.192,0.3333,0.625,8,3,2,2,1.0,0.6667,4.08
096310019,9631,"THE THING HAD COME, AND SO IT MUST BE.",7,7,7,7,63.29,14.187,0.1667,0.3333,9,1,0,0,,0.0,3.66
096330003,9633,HE LOOKED AT HER AND TURNED AWAY.,5,5,5,5,11.07,16.945,0.95,0.7143,7,7,1,1,1.0,0.1429,4.36
096330007,9633,THERE ARE GOING TO BE MORE.,7,7,5,5,6.73,14.136,13.0,0.8333,6,0,1,0,0.0,,3.08
096330008,9633,YOU NEED TO COME WITH ME.,6,7,5,6,10.0,15.144,0.8,1.1667,6,6,1,1,1.0,0.1667,3.66
096330015,9633,THE GIRL WALKED IN AND LOOKED AROUND.,4,4,6,6,22.76,13.721,0.6818,0.8571,7,7,1,1,1.0,0.1429,3.9
096330016,9633,HE WAS ALWAYS UP TO NO GOOD.,5,5,6,6,5.59,14.84,0.8947,1.1429,7,7,2,2,1.0,0.2857,4.97
096330018,9633,THAT DAY WAS THE FIRST TIME I SAW HIM.,6,7,6,6,13.62,14.854,25.0,0.5556,9,0,2,0,0.0,,4.39
096350007,9635,SHE WANTED TO KNOW MORE ABOUT HIM.,4,4,5,5,18.18,17.085,0.6364,1.0,7,6,2,2,1.0,0.3333,4.34
096350012,9635,HE ASKED IF I WOULD LIKE TO SEE MY FATHER.,3,3,5,4,0.0,17.119,1.04,1.5,10,10,1,1,1.0,0.1,7.09
096350015,9635,"IF IT BE SO, I HAD BETTER GO.",5,6,6,5,7.5,15.653,1.1667,0.75,8,8,1,1,1.0,0.125,4.05
096350016,9635,I PUT THEM ON AND I SAW WHERE WE WERE.,6,7,6,6,10.15,15.952,0.8571,0.9,10,9,1,1,1.0,0.1111,5.25
096350018,9635,I AM SURE YOU CAN DO IT.,5,6,5,5,4.29,16.058,1.2143,0.8571,7,7,0,0,,0.0,4.08
096350023,9635,BUT NOW I SEE WHO YOU REALLY ARE!,3,3,5,5,5.88,16.745,0.8824,1.0,8,8,3,3,1.0,0.375,4.28
096350024,9635,IT WAS NOT HER PLACE TO SAY ANYTHING.,6,7,6,6,2.08,15.715,0.9583,1.125,8,8,1,1,1.0,0.125,5.16
096400006,9640,THE RECEIVER HAD NOT SUFFERED AT ALL.,3,3,6,6,32.55,16.19,0.4348,0.8571,7,3,1,0,0.0,0.0,4.85
096400010,9640,THEY WERE SILVER WITH NO PUPIL.,3,3,4,4,14.79,14.186,0.7368,1.0,6,4,3,2,0.6667,0.5,4.76
096400013,9640,TROOPS ARE MARCHING INTO BATTLE.,4,5,3,3,16.57,14.978,0.7895,0.8,5,5,3,3,1.0,0.6,4.03
096400018,9640,"PLEASE FORGIVE ME, MY FRIEND?",7,7,7,7,66.16,11.751,0.1667,0.4,5,0,1,0,0.0,,4.4
096400024,9640,BUT THIS WANTS FARTHER EXPLANATION.,4,4,7,6,21.16,16.114,0.5769,1.4,5,3,1,1,1.0,0.3333,3.06
096470003,9647,"A THIRD FINISHED.""WELL, THERE YOU HAVE IT.""",4,4,5,4,27.59,14.045,0.6364,0.75,8,5,2,2,1.0,0.4,4.08
096470016,9647,HOW MANY KINGDOMS KNOW US NOT!,5,5,6,6,53.1,12.199,0.35,0.5,6,2,2,2,1.0,1.0,3.63
096470020,9647,MAYBE WE SHOULD GET SOME CAKE?,5,6,6,5,46.38,14.862,0.2778,0.6667,6,2,1,1,1.0,0.5,4.03
